{"desc": "Half e-d", "n": 100, "a": 0, "b": 1, "k": 0.0024509803921568627, "max_t": 5, "e0": 1.0, "d0": 1.0, "gamma": 20.0, "omega": 6.283185307179586, "d_phi_star": 0.7, "e_phi_star": 0.7, "phi_s_min": 0.75, "phi_s_max": 0.85, "zeta": 0.01, "n_blur_width": 25, "xi": 2, "max_decay": 0.9}