{"desc": "Plus Half applyA Half g start", "n": 200, "a": 0, "b": 2, "k": 0.0012376237623762376, "max_t": 5, "e0": 1.0, "d0": 1.0, "gamma": 20.0, "omega": 6.283185307179586, "d_phi_star": 0.7, "e_phi_star": 0.7, "phi_s_min": 0.8, "phi_s_max": 0.9, "zeta": 0.01, "n_blur_width": 25, "xi": 2, "max_decay": 0.9}